Sieve,Sample_Mass(g),Size_mm,Is_Pan,Percent_Retained,Cumulative_Retained_g,Cumulative_Percent_Retained,Percent_Passing
#4,0.0,4.76,False,0.0,0.0,0.0,100.0
#10,0.0,2.0,False,0.0,0.0,0.0,100.0
#20,125.18,0.84,False,22.53871083903493,125.18,22.53871083903493,77.46128916096507
#30,75.56,0.59,False,13.604609290601369,200.74,36.1433201296363,63.8566798703637
#40,50.0,0.42,False,9.002520705797624,250.74,45.14584083543392,54.85415916456608
#50,41.38,0.297,False,7.450486136118113,292.12,52.59632697155204,47.40367302844796
#60,14.76,0.25,False,2.6575441123514585,306.88,55.2538710839035,44.7461289160965
#80,30.28,0.177,False,5.4519265394310406,337.15999999999997,60.70579762333454,39.29420237666546
#100,16.52,0.149,False,2.9744328411955347,353.67999999999995,63.68023046453008,36.31976953546992
#200,41.0,0.074,False,7.382066978754051,394.67999999999995,71.06229744328412,28.937702556715877
Pan,160.72,,True,28.93770255671588,555.4,100.0,0.0
